0,1,2,3,4,5,6,7,8,9
0.0005134309819250176,0.0003425742136053651,-7.725111518401483e-05,5.148506967751673e-05,3.596893302898435e-05,-0.00022093440727384206,0.00015090565213959125,8.59285728605419e-06,-0.0003465359718160986,7.508342185844977e-07
0.0005598313277657017,0.00037417194982075326,-8.530406253321044e-05,7.755938643312937e-05,4.295492301200687e-05,-0.0002483918959572774,0.0002042478380359533,8.894230595254622e-06,-0.00044717045291580023,2.8401942756097744e-07
0.0006068554903295524,0.00040341776784851143,-8.415860066353804e-05,4.3766881995486677e-05,3.909382833918784e-05,-0.00027233491749617577,0.00026829642655629805,7.872586815749576e-06,-0.0005488265879985669,-3.993788192370847e-07
0.0006540451809551232,0.0004294597881517207,-7.975664500052567e-05,6.30716083258196e-06,4.984085968404949e-05,-0.0002928742755383711,0.0003416898225312604,4.413704248433799e-06,-0.0006411464220145806,-1.603119617160924e-06
0.0007009119200463792,0.0004515254793967885,-8.061426380225649e-05,-2.8298959932003195e-05,2.696606188277781e-05,-0.0003111513859791949,0.0004213739355538376,-2.8991237329882126e-06,-0.0007137799179546254,-3.85700662854887e-06
0.0007469447046143641,0.0004689548174913819,-9.023833833349322e-05,-6.751784379390832e-05,7.701147674630241e-06,-0.00032915399190727496,0.0005026413827663799,-1.56597469007286e-05,-0.0007587052373031268,-7.933731225872152e-06
0.0007916185025986267,0.00048122579833986855,-0.00010305792202782533,-1.3147911623182748e-05,3.1893258492610876e-05,-0.00034926931890834296,0.0005796208250198715,-3.54401357261134e-05,-0.0007721747609219627,-1.4806893624618067e-05
0.0008344034594194741,0.0004879713143259014,-0.00010857915910377934,7.331905709346886e-05,7.414451298224476e-05,-0.000373660778211652,0.0006461605169424099,-6.354437362004942e-05,-0.0007556050049092304,-2.5536620913791554e-05
0.0008747746920383289,0.0004889873551284039,-0.00010054433470587751,0.0001123028804966032,8.083658757387849e-05,-0.00040361728968597177,0.0006968845772653929,-0.00010075574393088355,-0.0007150691023624395,-4.108537392971897e-05
0.0009122225292280702,0.00048423327644879754,-8.285343083570294e-05,7.652643550267229e-05,1.3703653347213276e-05,-0.0004390483033929398,0.0007281052707499261,-0.00014712061663357663,-0.0006595613759105465,-6.208679400843395e-05
0.0009462630322364521,0.00047382538315651225,-6.73289719368094e-05,1.0911633186078643e-05,-5.723812563175798e-05,-0.0004782715714520029,0.0007382996211469326,-0.00020180601927372605,-0.0005986514515371503,-8.860944902096644e-05
0.0009764485975347315,0.0004580252504541515,-6.594396136602296e-05,-1.0550797327911525e-05,-8.612676775219891e-05,-0.0005181697696139501,0.0007280027338217552,-0.00026305332174058694,-0.0005403172577939214,-0.00011996900931203013
0.0010023784045808915,0.0004372240859690481,-8.38447150545931e-05,-1.4288172710032244e-05,-7.139840705380891e-05,-0.0005546963880893821,0.0006991825134059966,-0.00032823325851658573,-0.0004895746461176524,-0.00015464182942226043
0.0010237084299063027,0.0004119241098226809,-0.00011703658636136254,3.835574948735682e-06,-1.9363066871544937e-05,-0.0005836194618881364,0.0006543595498989933,-0.0003939923685119605,-0.00044812531190067663,-0.0001903182425637836
0.0010401607092266143,0.000382717532368801,-0.00015431481003915632,-1.75903476224753e-05,2.9437281648875547e-05,-0.000601330787768438,0.000595837241848368,-0.00045647083775339476,-0.0004148503909054015,-0.0002241071786255049
0.0010515314975282988,0.00035026338268411196,-0.000181194569331406,-6.32808228764284e-05,2.8587895834328863e-05,-0.0006055348328925962,0.0005253557458264987,-0.0005115672663144943,-0.0003867702698902251,-0.0002528707909232581
0.0010576979593632818,0.00031526230200846497,-0.00018424860658949681,-8.46544814663544e-05,4.17436486853684e-05,-0.0005956667399584994,0.00044428509008350207,-0.0005552258718214077,-0.00036010871835668093,-0.0002736366671653131
0.001058623023645685,0.00027842952908067935,-0.00015523882214871,-4.747388228742366e-05,8.622918337581168e-05,-0.0005729594025100589,0.00035420729151400325,-0.0005837243595503964,-0.0003312382011504296,-0.0002840140006383937
0.0010543580636626795,0.00024046666402471173,-9.445601058454025e-05,-2.505315578851076e-05,0.00010009855740229567,-0.000540163656959398,0.0002575317470595545,-0.0005939447452382449,-0.00029740690867048565,-0.0002825347121084293
0.0010450431165180808,0.00020203333072814933,-1.1967909154636929e-05,-4.369746741857075e-05,6.260569113748168e-05,-0.0005010006139131357,0.00015775428091107383,-0.0005836138578063038,-0.0002571956624787638,-0.00026885302463624784
0.0010309044372097905,0.00016372043750913714,7.478393544190087e-05,-5.971224332233244e-05,4.465961480494652e-05,-0.00045947431159321306,5.913738614032295e-05,-0.0005515040753731877,-0.00021066035298167416,-0.0002437650564926688
0.0010122492887679867,0.0001260272084182418,0.00014715882455706774,-7.494526353473812e-05,-9.055363010452758e-06,-0.00041918867480493114,-3.411992721079295e-05,-0.000497586670736732,-0.00015914874861709167,-0.00020904734897567393
0.000989457996488777,8.934437472618132e-05,0.00019267472199304295,-6.712565555473942e-05,-0.00013342467974486623,-0.000382796629252054,-0.00011888377800095564,-0.00042312860854893487,-0.00010485627304046682,-0.0001671511778693828
0.0009629734340565396,5.3945767671544184e-05,0.00020947286053280928,-5.041561520053934e-05,-0.00023328520736223666,-0.0003516691296753645,-0.00019380125359629583,-0.00033071860323061837,-5.025743398539926e-05,-0.00012081894520253409
0.0009332882531621697,1.9989991598448705e-05,0.00020548870710280327,-6.471911075125993e-05,-0.00024803239561429764,-0.0003258193192863108,-0.0002593608238801392,-0.00022420194721222753,2.436698713415848e-06,-7.270274734838524e-05
0.0009009303058387518,-1.2467090789344952e-05,0.00019354182595041061,-9.181582204966395e-05,-0.0001720610918045794,-0.0003040644082827926,-0.00031718356590862564,-0.00010850075315869055,5.1692399151287874e-05,-2.5060002832151567e-05
0.0008664468295729105,-4.344955893902995e-05,0.00018584362333467624,-7.546369985451265e-05,-8.107734115015608e-05,-0.0002843661104609371,-0.00036875649150743006,1.0697605193614848e-05,9.689446067583127e-05,2.042173538863223e-05
0.0008303880593028291,-7.303016592536872e-05,0.00019070736358982944,-1.9847201642750875e-05,-3.9484651808963456e-05,-0.0002642671675347862,-0.00041409510208383803,0.00012738236204661835,0.00013838976661922632,6.2652890643247e-05
0.0007932909891221582,-0.00010129371032462649,0.00021195422045493768,2.083066090881237e-05,-4.606221938942917e-05,-0.00024133912977242157,-0.00045094017786781216,0.00023576005781115493,0.0001772942346047274,0.00010104157879441742
0.0007556640235380867,-0.0001282991336322434,0.00024991685315541864,1.6437559099650615e-05,-5.654604466845133e-05,-0.00021357202113850943,-0.00047497842777116276,0.00033082855776092195,0.00021503493537010357,0.00013531286502419622
0.0007179732299947212,-0.00015404493896172783,0.00030260141213251746,-7.705238973030038e-06,-5.948176228176857e-05,-0.000179662171371321,-0.00048122067244167784,0.000408892399705552,0.00025268479956072626,0.00016531000064388648
0.0006806308308423174,-0.00017844245447881703,0.0003658745971280439,-7.6164270088370026e-06,-5.535855510808811e-05,-0.00013918105354477318,-0.00046617173585314917,0.0004679203917065723,0.00029028639604911175,0.00019083679270027388
0.0006439864572058094,-0.00020130077300159298,0.0004325374596150467,-4.042368192519736e-05,-4.3886849706237005e-05,-9.262795744909965e-05,-0.0004299832401195736,0.0005076658244746739,0.00032645829956606706,0.00021158131427516638
0.0006083215358006925,-0.00022232594190296429,0.0004917932835226777,-7.258399969971264e-05,-4.1079778178906646e-05,-4.137968849014492e-05,-0.00037762553697611367,0.0005295143557128846,0.00035853037432392366,0.00022713304776722165
0.0005738470021258422,-0.00024113529750954306,0.0005311754163411481,-5.0030133139634416e-05,-3.8466715222420935e-05,1.2447035398211722e-05,-0.00031838684100150827,0.0005360841911927814,0.0003832417879310824,0.00023707696228243623
0.0005407043414134828,-0.000257285949355495,0.000540905366889018,-5.5515446028307346e-05,-3.5397510985269217e-06,6.62054561198107e-05,-0.0002636474188000341,0.0005306610441672863,0.00039775462547172997,0.00024112712848488823
0.0005089697654857463,-0.0002703145777646108,0.0005177630779458779,-2.4471443560233316e-05,2.5297517787994073e-05,0.00011698488238693293,-0.00022362145653790548,0.0005165891643889338,0.0004005516450685748,0.00023925449815939302
0.00047866115295816584,-0.0002797841739716086,0.0004655555461250367,-3.904584196208101e-06,5.376599145865372e-05,0.0001619121031702158,-0.00020425800088361956,0.0004967473919184965,0.000391824451924389,0.00023176936799587132
0.00044974722509781627,-0.0002853323508359707,0.0003924616453179909,2.9433285684169847e-05,5.988317178061772e-05,0.00019845951581970767,-0.00020548861562489309,0.0004732130973959979,0.00037321293212550064,0.00021933556213148668
0.0004221583113953671,-0.00028671553805070365,0.0003080608135977562,8.60627111824199e-05,1.84057755390775e-05,0.00022472446587270149,-0.0002214846450444258,0.00044716483296430853,0.00034708538323437215,0.00020291445683182584
0.0003957979861112332,-0.00028384380450550186,0.00022194687827669474,0.00012931299318329645,-1.7188969397605413e-05,0.00023964208918689225,-0.00024277880674844962,0.00041901211145445533,0.00031575884412221426,0.00018365592670817923
0.00037055483473798825,-0.00027680216866275904,0.00014324445742217184,0.00014248865194676607,-2.019167124246585e-05,0.0002430990113913689,-0.0002593869671397502,0.00038868606809902535,0.00028103317751514416,0.00016276490012181067
0.0003463136384843514,-0.0002658559090354568,7.948564992601123e-05,9.786656925746825e-05,-1.4442062260940078e-05,0.00023592787798416338,-0.0002637524805728696,0.00035599262592292635,0.000244183097153029,0.00014137419809370118
0.00032296534235972427,-0.0002514393355848294,3.4776220336071674e-05,3.226351325899012e-05,-1.8328414627020124e-05,0.00021978093745800254,-0.00025253197947906097,0.0003209271952931708,0.0002062746776240792,0.00012044769324579854
0.00030041529113171656,-0.00023412945194216546,8.695972032811791e-06,2.3671150500682654e-05,-1.9236961875803308e-05,0.00019690127693681983,-0.0002268060867876681,0.00028387452667330326,0.00016851617794481972,0.00010072603933167135
